cluster,size,examples
0,114,Rejects alternative framings as inauthentic to product -- Justifies mastery via price/novelty barriers to purchase | Price-justified niche economics and commercial intent -- Product breakthrough as the core brand story | Existential core-product defense -- Near-term revenue-stream practicality
1,96,"E4, E5 — justifies via market/buyer economics -- E1 — justifies via product's technical capability | E1, E3, E4 emphasize operational feasibility and saving lives -- E5 uniquely centers procedural fairness and lottery mechanisms | E1, E5 — emphasizes intrinsic nature of the device -- E4 — emphasizes startup survival and business viability"
2,80,Commercial risk management -- Ethical dignity framing | Moral dignity and procedural legitimacy -- Statistical survival maximization | Institutional risk and liability calculus -- Human harm and dignity framing
3,84,"Infrastructure-based adaptation (green or tech) -- Human-centered social resilience | Technology-led systemic resilience -- Nature-based ecosystem adaptation | prioritizes natural or human-centered adaptation over hard infrastructure (E2, E3) -- prioritizes managed retreat over ecosystem or mixed approaches (E4)"
4,95,Frontier capability-threshold licensing -- Deployment-focused rights-and-process governance | Frontier capability-threshold licensing -- Downstream rights-and-process protections | Rights-and-process safeguards -- Capability-threshold licensing
5,67,Layoff-triggered psychological safety loss -- Scale-driven leadership mismatch | Leadership/scaling mismatch as primary cause -- Layoff-driven psychological safety loss | Layoff-triggered psychological safety collapse -- Scaling-driven leadership style mismatch
6,41,Advocates for encrypted cloud no-training -- Critiques assumption cloud needed for AI | recommends cloud with opt-in training (Option D) -- recommends no training on user data (Option B) | Encrypted cloud with no training -- Cloud with opt-in training
7,79,Capability skepticism and avoidance -- Regulatory-trust constraint management | Emphasizes regulatory and trust protection as primary value -- Explicitly frames option as only path that secures both values | trust and regulatory defensibility as balanced priority -- trust as the foundational business imperative
8,80,Shock-event anchoring (layoff-centered causality) -- Developmental-phase constraints (scale-centered structuralism) | Retrospective-theme diagnostic focus -- Organizational-scale interpretive lens | E1/E4: empirical timing-signature diagnosis -- E2: humanist trauma framing
9,76,First-come rule minimizing hidden bias -- Predicted-survival triage maximizing aggregate lives saved | Predictive survival optimization -- Implementation legitimacy and moral-injury risk | Survival-maximization via prognostic scoring -- Equal moral worth via threshold-plus-lottery
